Project Name,Category,Hardware Used,Difficulty,User Rating,Description,,,,,,,,,
IoT Project 1,Environmental,"Breadboard, Relays, Arduino, Motors, Sensors",Intermediate,5,A project focusing on tracking energy using IoT technologies and various hardware components.,,,,,,,,,
IoT Project 2,Agriculture,"Capacitors, Motors, Breadboard, Raspberry Pi, Power Supply",Intermediate,1,A project focusing on tracking home using IoT technologies and various hardware components.,,,,,,,,,
IoT Project 3,Agriculture,"Motors, Arduino, Jumper Wires, Sensors, Breadboard",Advanced,2,A project focusing on monitoring environment using IoT technologies and various hardware components.,,,,,,,,,
IoT Project 4,Agriculture,"Breadboard, Power Supply, Motors",Intermediate,4,A project focusing on automating home using IoT technologies and various hardware components.,,,,,,,,,
IoT Project 5,Environmental,"Resistors, Raspberry Pi, Jumper Wires",Beginner,3,A project focusing on tracking home using IoT technologies and various hardware components.,,,,,,,,,
IoT Project 6,Home Automation,"Motors, Raspberry Pi, Arduino, Sensors, Power Supply",Beginner,4,A project focusing on tracking energy using IoT technologies and various hardware components.,,,,,,,,,
IoT Project 7,Home Automation,"Motors, Capacitors, Power Supply, Jumper Wires",Intermediate,2,A project focusing on tracking home using IoT technologies and various hardware components.,,,,,,,,,
IoT Project 8,Environmental,"Capacitors, Arduino, Breadboard, LEDs",Intermediate,1,A project focusing on controlling home using IoT technologies and various hardware components.,,,,,,,,,
IoT Project 9,Environmental,"Raspberry Pi, Relays, ESP8266",Beginner,5,A project focusing on controlling agriculture using IoT technologies and various hardware components.,,,,,,,,,
IoT Project 10,Energy Management,"Breadboard, ESP8266, Capacitors, Raspberry Pi, Arduino",Intermediate,1,A project focusing on tracking environment using IoT technologies and various hardware components.,,,,,,,,,
IoT Project 11,Agriculture,"Power Supply, ESP8266, Arduino",Beginner,2,A project focusing on tracking agriculture using IoT technologies and various hardware components.,,,,,,,,,
IoT Project 12,Agriculture,"LEDs, Breadboard, Jumper Wires",Advanced,5,A project focusing on tracking home using IoT technologies and various hardware components.,,,,,,,,,
IoT Project 13,Agriculture,"LEDs, Breadboard, Power Supply, Sensors",Intermediate,2,A project focusing on monitoring environment using IoT technologies and various hardware components.,,,,,,,,,
IoT Project 14,Home Automation,"Power Supply, Breadboard, Relays, Capacitors, Jumper Wires",Beginner,5,A project focusing on controlling energy using IoT technologies and various hardware components.,,,,,,,,,
IoT Project 15,Energy Management,"Relays, Breadboard, Power Supply, Motors, Capacitors",Advanced,3,A project focusing on monitoring energy using IoT technologies and various hardware components.,,,,,,,,,
IoT Project 16,Wearable Devices,"Breadboard, Capacitors, Arduino, Power Supply",Advanced,5,A project focusing on tracking agriculture using IoT technologies and various hardware components.,,,,,,,,,
IoT Project 17,Agriculture,"Jumper Wires, Raspberry Pi, Capacitors",Advanced,2,A project focusing on controlling home using IoT technologies and various hardware components.,,,,,,,,,
IoT Project 18,Wearable Devices,"LEDs, Breadboard, ESP8266, Power Supply",Intermediate,5,A project focusing on monitoring agriculture using IoT technologies and various hardware components.,,,,,,,,,
IoT Project 19,Agriculture,"Power Supply, Capacitors, ESP8266, Motors",Advanced,1,A project focusing on monitoring energy using IoT technologies and various hardware components.,,,,,,,,,
IoT Project 20,Environmental,"Resistors, Jumper Wires, Capacitors",Intermediate,1,A project focusing on tracking home using IoT technologies and various hardware components.,,,,,,,,,
IoT Project 21,Home Automation,"Resistors, Breadboard, LEDs, ESP8266, Arduino",Advanced,2,A project focusing on tracking environment using IoT technologies and various hardware components.,,,,,,,,,
IoT Project 22,Wearable Devices,"Jumper Wires, LEDs, ESP8266",Advanced,2,A project focusing on tracking agriculture using IoT technologies and various hardware components.,,,,,,,,,
IoT Project 23,Home Automation,"Arduino, ESP8266, Resistors",Beginner,2,A project focusing on controlling energy using IoT technologies and various hardware components.,,,,,,,,,
IoT Project 24,Environmental,"Resistors, Raspberry Pi, Relays, Power Supply",Intermediate,4,A project focusing on controlling home using IoT technologies and various hardware components.,,,,,,,,,
IoT Project 25,Home Automation,"Capacitors, Power Supply, Resistors, ESP8266",Intermediate,1,A project focusing on controlling home using IoT technologies and various hardware components.,,,,,,,,,
IoT Project 26,Wearable Devices,"Resistors, ESP8266, Sensors, Arduino",Intermediate,3,A project focusing on automating agriculture using IoT technologies and various hardware components.,,,,,,,,,
IoT Project 27,Agriculture,"Breadboard, Arduino, Jumper Wires",Advanced,4,A project focusing on automating environment using IoT technologies and various hardware components.,,,,,,,,,
IoT Project 28,Home Automation,"Relays, LEDs, Breadboard, Raspberry Pi",Intermediate,1,A project focusing on controlling home using IoT technologies and various hardware components.,,,,,,,,,
IoT Project 29,Home Automation,"Sensors, Resistors, Arduino, ESP8266, Capacitors",Beginner,3,A project focusing on automating home using IoT technologies and various hardware components.,,,,,,,,,
IoT Project 30,Wearable Devices,"Breadboard, Jumper Wires, Relays",Advanced,2,A project focusing on automating agriculture using IoT technologies and various hardware components.,,,,,,,,,
IoT Project 31,Energy Management,"Arduino, Power Supply, LEDs",Advanced,1,A project focusing on controlling home using IoT technologies and various hardware components.,,,,,,,,,
IoT Project 32,Environmental,"Raspberry Pi, Capacitors, ESP8266",Beginner,3,A project focusing on monitoring agriculture using IoT technologies and various hardware components.,,,,,,,,,
IoT Project 33,Agriculture,"Relays, Breadboard, Capacitors",Intermediate,5,A project focusing on automating environment using IoT technologies and various hardware components.,,,,,,,,,
IoT Project 34,Environmental,"LEDs, Resistors, Capacitors",Beginner,5,A project focusing on tracking agriculture using IoT technologies and various hardware components.,,,,,,,,,
IoT Project 35,Wearable Devices,"Resistors, Arduino, Capacitors",Intermediate,5,A project focusing on controlling energy using IoT technologies and various hardware components.,,,,,,,,,
IoT Project 36,Agriculture,"Jumper Wires, Motors, Resistors, Breadboard, Capacitors",Beginner,2,A project focusing on controlling home using IoT technologies and various hardware components.,,,,,,,,,
IoT Project 37,Home Automation,"Motors, Jumper Wires, Relays, Arduino",Beginner,2,A project focusing on monitoring home using IoT technologies and various hardware components.,,,,,,,,,
IoT Project 38,Energy Management,"LEDs, Jumper Wires, Power Supply, Motors",Advanced,1,A project focusing on tracking home using IoT technologies and various hardware components.,,,,,,,,,
IoT Project 39,Environmental,"ESP8266, Breadboard, Relays",Advanced,5,A project focusing on automating agriculture using IoT technologies and various hardware components.,,,,,,,,,
IoT Project 40,Home Automation,"Breadboard, Capacitors, ESP8266",Intermediate,2,A project focusing on monitoring environment using IoT technologies and various hardware components.,,,,,,,,,
IoT Project 41,Home Automation,"Sensors, Resistors, Motors, ESP8266, Raspberry Pi",Advanced,4,A project focusing on monitoring energy using IoT technologies and various hardware components.,,,,,,,,,
IoT Project 42,Wearable Devices,"Raspberry Pi, Motors, Resistors, Breadboard",Advanced,4,A project focusing on controlling home using IoT technologies and various hardware components.,,,,,,,,,
IoT Project 43,Agriculture,"Raspberry Pi, Capacitors, Resistors, Power Supply",Intermediate,4,A project focusing on monitoring home using IoT technologies and various hardware components.,,,,,,,,,
IoT Project 44,Agriculture,"LEDs, Raspberry Pi, ESP8266, Motors",Beginner,5,A project focusing on monitoring home using IoT technologies and various hardware components.,,,,,,,,,
IoT Project 45,Home Automation,"Relays, Breadboard, ESP8266, Capacitors",Intermediate,5,A project focusing on automating environment using IoT technologies and various hardware components.,,,,,,,,,
IoT Project 46,Home Automation,"Motors, LEDs, Breadboard",Beginner,5,A project focusing on controlling home using IoT technologies and various hardware components.,,,,,,,,,
IoT Project 47,Environmental,"Motors, ESP8266, Sensors",Advanced,5,A project focusing on monitoring home using IoT technologies and various hardware components.,,,,,,,,,
IoT Project 48,Energy Management,"Power Supply, ESP8266, Raspberry Pi, Motors",Advanced,4,A project focusing on controlling home using IoT technologies and various hardware components.,,,,,,,,,
IoT Project 49,Agriculture,"Jumper Wires, Sensors, LEDs, Raspberry Pi, Resistors",Intermediate,1,A project focusing on tracking energy using IoT technologies and various hardware components.,,,,,,,,,
IoT Project 50,Energy Management,"Capacitors, LEDs, Power Supply, Relays, Resistors",Advanced,3,A project focusing on tracking agriculture using IoT technologies and various hardware components.,,,,,,,,,
IoT Project 51,Energy Management,"LEDs, Capacitors, Breadboard, Jumper Wires",Advanced,2,A project focusing on monitoring environment using IoT technologies and various hardware components.,,,,,,,,,
IoT Project 52,Environmental,"Resistors, ESP8266, Arduino, Relays, Breadboard",Advanced,3,A project focusing on automating agriculture using IoT technologies and various hardware components.,,,,,,,,,
IoT Project 53,Energy Management,"Raspberry Pi, Breadboard, Relays, Jumper Wires, Sensors",Intermediate,4,A project focusing on monitoring agriculture using IoT technologies and various hardware components.,,,,,,,,,
IoT Project 54,Environmental,"Capacitors, Jumper Wires, Resistors, ESP8266, Relays",Intermediate,4,A project focusing on monitoring environment using IoT technologies and various hardware components.,,,,,,,,,
IoT Project 55,Agriculture,"Arduino, Motors, Jumper Wires",Intermediate,2,A project focusing on controlling energy using IoT technologies and various hardware components.,,,,,,,,,
IoT Project 56,Environmental,"Raspberry Pi, Breadboard, Arduino, Relays",Advanced,2,A project focusing on automating energy using IoT technologies and various hardware components.,,,,,,,,,
IoT Project 57,Wearable Devices,"Raspberry Pi, Capacitors, Motors, Sensors, Relays",Advanced,3,A project focusing on automating environment using IoT technologies and various hardware components.,,,,,,,,,
IoT Project 58,Energy Management,"Capacitors, LEDs, Arduino, Power Supply",Beginner,5,A project focusing on automating agriculture using IoT technologies and various hardware components.,,,,,,,,,
IoT Project 59,Wearable Devices,"Capacitors, Resistors, Power Supply, Raspberry Pi",Beginner,4,A project focusing on monitoring home using IoT technologies and various hardware components.,,,,,,,,,
IoT Project 60,Environmental,"Jumper Wires, Breadboard, Arduino",Advanced,1,A project focusing on monitoring home using IoT technologies and various hardware components.,,,,,,,,,
IoT Project 61,Home Automation,"Breadboard, Power Supply, Motors",Beginner,2,A project focusing on monitoring energy using IoT technologies and various hardware components.,,,,,,,,,
IoT Project 62,Environmental,"Jumper Wires, Motors, Resistors, ESP8266, Arduino",Beginner,5,A project focusing on monitoring energy using IoT technologies and various hardware components.,,,,,,,,,
IoT Project 63,Environmental,"LEDs, Motors, Relays, Jumper Wires",Advanced,5,A project focusing on automating energy using IoT technologies and various hardware components.,,,,,,,,,
IoT Project 64,Agriculture,"Motors, Jumper Wires, ESP8266, Sensors",Advanced,2,A project focusing on controlling home using IoT technologies and various hardware components.,,,,,,,,,
IoT Project 65,Agriculture,"Capacitors, Power Supply, Raspberry Pi, Arduino",Intermediate,2,A project focusing on automating environment using IoT technologies and various hardware components.,,,,,,,,,
IoT Project 66,Wearable Devices,"Resistors, Jumper Wires, Capacitors",Beginner,1,A project focusing on automating agriculture using IoT technologies and various hardware components.,,,,,,,,,
IoT Project 67,Agriculture,"Motors, Raspberry Pi, Jumper Wires",Beginner,1,A project focusing on controlling home using IoT technologies and various hardware components.,,,,,,,,,
IoT Project 68,Energy Management,"Relays, Power Supply, Jumper Wires, ESP8266, Capacitors",Advanced,1,A project focusing on tracking energy using IoT technologies and various hardware components.,,,,,,,,,
IoT Project 69,Environmental,"Jumper Wires, Motors, Sensors",Beginner,5,A project focusing on tracking agriculture using IoT technologies and various hardware components.,,,,,,,,,
IoT Project 70,Wearable Devices,"Raspberry Pi, Power Supply, Arduino, Relays, LEDs",Intermediate,5,A project focusing on controlling environment using IoT technologies and various hardware components.,,,,,,,,,
IoT Project 71,Home Automation,"Power Supply, Sensors, Resistors, Relays",Beginner,1,A project focusing on monitoring environment using IoT technologies and various hardware components.,,,,,,,,,
IoT Project 72,Wearable Devices,"ESP8266, Raspberry Pi, Resistors",Intermediate,2,A project focusing on automating agriculture using IoT technologies and various hardware components.,,,,,,,,,
IoT Project 73,Energy Management,"Resistors, Sensors, Power Supply",Beginner,5,A project focusing on tracking home using IoT technologies and various hardware components.,,,,,,,,,
IoT Project 74,Wearable Devices,"Jumper Wires, Motors, LEDs, Capacitors, Arduino",Beginner,2,A project focusing on automating home using IoT technologies and various hardware components.,,,,,,,,,
IoT Project 75,Energy Management,"Relays, Breadboard, LEDs",Advanced,1,A project focusing on monitoring agriculture using IoT technologies and various hardware components.,,,,,,,,,
IoT Project 76,Agriculture,"Jumper Wires, Sensors, Raspberry Pi",Beginner,5,A project focusing on monitoring agriculture using IoT technologies and various hardware components.,,,,,,,,,
IoT Project 77,Agriculture,"Relays, Jumper Wires, Power Supply, Motors",Advanced,5,A project focusing on monitoring home using IoT technologies and various hardware components.,,,,,,,,,
IoT Project 78,Environmental,"Breadboard, ESP8266, Arduino",Beginner,3,A project focusing on controlling energy using IoT technologies and various hardware components.,,,,,,,,,
IoT Project 79,Wearable Devices,"Capacitors, Power Supply, Jumper Wires, Breadboard",Advanced,2,A project focusing on controlling environment using IoT technologies and various hardware components.,,,,,,,,,
IoT Project 80,Environmental,"Raspberry Pi, Power Supply, Motors",Advanced,4,A project focusing on monitoring agriculture using IoT technologies and various hardware components.,,,,,,,,,
IoT Project 81,Environmental,"Raspberry Pi, Relays, Capacitors, ESP8266, Sensors",Advanced,1,A project focusing on controlling agriculture using IoT technologies and various hardware components.,,,,,,,,,
IoT Project 82,Environmental,"ESP8266, Capacitors, Sensors, Raspberry Pi, Arduino",Intermediate,3,A project focusing on controlling home using IoT technologies and various hardware components.,,,,,,,,,
IoT Project 83,Energy Management,"LEDs, Power Supply, Motors, ESP8266, Breadboard",Beginner,3,A project focusing on automating environment using IoT technologies and various hardware components.,,,,,,,,,
IoT Project 84,Environmental,"Resistors, Jumper Wires, Motors, Raspberry Pi",Beginner,1,A project focusing on controlling agriculture using IoT technologies and various hardware components.,,,,,,,,,
IoT Project 85,Wearable Devices,"Arduino, Sensors, Breadboard, Relays",Beginner,5,A project focusing on automating agriculture using IoT technologies and various hardware components.,,,,,,,,,
IoT Project 86,Energy Management,"Capacitors, Resistors, Breadboard, Relays",Advanced,5,A project focusing on tracking home using IoT technologies and various hardware components.,,,,,,,,,
IoT Project 87,Energy Management,"LEDs, Arduino, Motors, Breadboard, Relays",Intermediate,4,A project focusing on tracking home using IoT technologies and various hardware components.,,,,,,,,,
IoT Project 88,Home Automation,"ESP8266, Arduino, Raspberry Pi, Jumper Wires",Beginner,2,A project focusing on monitoring environment using IoT technologies and various hardware components.,,,,,,,,,
IoT Project 89,Agriculture,"Breadboard, Power Supply, ESP8266, Motors, Jumper Wires",Advanced,1,A project focusing on automating agriculture using IoT technologies and various hardware components.,,,,,,,,,
IoT Project 90,Agriculture,"Relays, Motors, ESP8266, Capacitors",Beginner,1,A project focusing on automating energy using IoT technologies and various hardware components.,,,,,,,,,
IoT Project 91,Energy Management,"LEDs, Arduino, Capacitors",Advanced,3,A project focusing on controlling agriculture using IoT technologies and various hardware components.,,,,,,,,,
IoT Project 92,Agriculture,"LEDs, Motors, Arduino, Capacitors, Sensors",Beginner,1,A project focusing on monitoring energy using IoT technologies and various hardware components.,,,,,,,,,
IoT Project 93,Home Automation,"Sensors, LEDs, Raspberry Pi, Power Supply, Capacitors",Beginner,4,A project focusing on automating environment using IoT technologies and various hardware components.,,,,,,,,,
IoT Project 94,Energy Management,"LEDs, Raspberry Pi, Jumper Wires, Sensors",Intermediate,4,A project focusing on monitoring home using IoT technologies and various hardware components.,,,,,,,,,
IoT Project 95,Home Automation,"Relays, Breadboard, Jumper Wires, Capacitors, Raspberry Pi",Advanced,3,A project focusing on monitoring agriculture using IoT technologies and various hardware components.,,,,,,,,,
IoT Project 96,Environmental,"Relays, Jumper Wires, Breadboard",Beginner,5,A project focusing on monitoring agriculture using IoT technologies and various hardware components.,,,,,,,,,
IoT Project 97,Agriculture,"Raspberry Pi, Capacitors, Sensors, Jumper Wires, Breadboard",Advanced,1,A project focusing on controlling environment using IoT technologies and various hardware components.,,,,,,,,,
IoT Project 98,Home Automation,"Power Supply, Arduino, Sensors",Intermediate,3,A project focusing on tracking home using IoT technologies and various hardware components.,,,,,,,,,
IoT Project 99,Home Automation,"Capacitors, Jumper Wires, ESP8266, Arduino, LEDs",Intermediate,1,A project focusing on automating home using IoT technologies and various hardware components.,,,,,,,,,
IoT Project 100,Wearable Devices,"Power Supply, Breadboard, Raspberry Pi, ESP8266, Resistors",Intermediate,2,A project focusing on tracking environment using IoT technologies and various hardware components.,,,,,,,,,
IoT Project 101,Environmental,"LEDs, Arduino, Raspberry Pi, Power Supply",Intermediate,5,A project focusing on monitoring agriculture using IoT technologies and various hardware components.,,,,,,,,,
IoT Project 102,Environmental,"ESP8266, Jumper Wires, Raspberry Pi, Resistors, Breadboard",Advanced,5,A project focusing on monitoring environment using IoT technologies and various hardware components.,,,,,,,,,
IoT Project 103,Wearable Devices,"LEDs, Capacitors, ESP8266, Resistors, Relays",Beginner,2,A project focusing on automating energy using IoT technologies and various hardware components.,,,,,,,,,
IoT Project 104,Energy Management,"LEDs, Jumper Wires, Capacitors, Power Supply",Beginner,4,A project focusing on automating environment using IoT technologies and various hardware components.,,,,,,,,,
IoT Project 105,Wearable Devices,"LEDs, Jumper Wires, Arduino",Intermediate,3,A project focusing on tracking energy using IoT technologies and various hardware components.,,,,,,,,,
IoT Project 106,Wearable Devices,"Capacitors, Arduino, Jumper Wires, Resistors, LEDs",Advanced,1,A project focusing on automating home using IoT technologies and various hardware components.,,,,,,,,,
IoT Project 107,Energy Management,"Capacitors, Breadboard, LEDs, Jumper Wires",Intermediate,4,A project focusing on tracking environment using IoT technologies and various hardware components.,,,,,,,,,
IoT Project 108,Energy Management,"Relays, Power Supply, LEDs, Sensors",Intermediate,1,A project focusing on monitoring home using IoT technologies and various hardware components.,,,,,,,,,
IoT Project 109,Wearable Devices,"Motors, Capacitors, Power Supply, Resistors, Relays",Intermediate,2,A project focusing on controlling agriculture using IoT technologies and various hardware components.,,,,,,,,,
IoT Project 110,Agriculture,"LEDs, Capacitors, Power Supply, Arduino",Intermediate,3,A project focusing on automating home using IoT technologies and various hardware components.,,,,,,,,,
IoT Project 111,Agriculture,"Motors, Power Supply, Breadboard, LEDs",Intermediate,4,A project focusing on monitoring agriculture using IoT technologies and various hardware components.,,,,,,,,,
IoT Project 112,Agriculture,"Sensors, Resistors, Relays",Beginner,2,A project focusing on tracking home using IoT technologies and various hardware components.,,,,,,,,,
IoT Project 113,Environmental,"Capacitors, Relays, Resistors",Beginner,2,A project focusing on controlling agriculture using IoT technologies and various hardware components.,,,,,,,,,
IoT Project 114,Agriculture,"Motors, Power Supply, Resistors, Arduino, Relays",Advanced,2,A project focusing on tracking energy using IoT technologies and various hardware components.,,,,,,,,,
IoT Project 115,Agriculture,"Capacitors, Motors, Jumper Wires",Intermediate,3,A project focusing on tracking energy using IoT technologies and various hardware components.,,,,,,,,,
IoT Project 116,Agriculture,"ESP8266, Power Supply, Relays, Motors, LEDs",Advanced,3,A project focusing on controlling energy using IoT technologies and various hardware components.,,,,,,,,,
IoT Project 117,Home Automation,"LEDs, Raspberry Pi, Capacitors, Breadboard, Arduino",Beginner,1,A project focusing on controlling home using IoT technologies and various hardware components.,,,,,,,,,
IoT Project 118,Agriculture,"Relays, LEDs, ESP8266",Beginner,3,A project focusing on controlling home using IoT technologies and various hardware components.,,,,,,,,,
IoT Project 119,Agriculture,"ESP8266, Sensors, Motors, Breadboard, Raspberry Pi",Beginner,1,A project focusing on monitoring energy using IoT technologies and various hardware components.,,,,,,,,,
IoT Project 120,Wearable Devices,"Power Supply, Raspberry Pi, Relays, Jumper Wires",Intermediate,1,A project focusing on controlling home using IoT technologies and various hardware components.,,,,,,,,,
IoT Project 121,Agriculture,"Jumper Wires, Breadboard, Motors, LEDs, Arduino",Intermediate,1,A project focusing on tracking environment using IoT technologies and various hardware components.,,,,,,,,,
IoT Project 122,Environmental,"Power Supply, Arduino, LEDs",Advanced,2,A project focusing on tracking agriculture using IoT technologies and various hardware components.,,,,,,,,,
IoT Project 123,Home Automation,"Motors, Raspberry Pi, Breadboard, Capacitors, Resistors",Intermediate,2,A project focusing on automating environment using IoT technologies and various hardware components.,,,,,,,,,
IoT Project 124,Environmental,"Breadboard, LEDs, Resistors",Beginner,2,A project focusing on controlling environment using IoT technologies and various hardware components.,,,,,,,,,
IoT Project 125,Environmental,"Motors, Breadboard, Relays, Resistors, Sensors",Beginner,5,A project focusing on tracking energy using IoT technologies and various hardware components.,,,,,,,,,
IoT Project 126,Environmental,"Arduino, ESP8266, LEDs, Power Supply",Advanced,4,A project focusing on monitoring environment using IoT technologies and various hardware components.,,,,,,,,,
IoT Project 127,Agriculture,"Power Supply, Sensors, Raspberry Pi",Advanced,2,A project focusing on tracking environment using IoT technologies and various hardware components.,,,,,,,,,
IoT Project 128,Energy Management,"Relays, Jumper Wires, Power Supply, Resistors",Intermediate,2,A project focusing on monitoring home using IoT technologies and various hardware components.,,,,,,,,,
IoT Project 129,Agriculture,"Motors, ESP8266, Capacitors, Raspberry Pi",Advanced,4,A project focusing on monitoring energy using IoT technologies and various hardware components.,,,,,,,,,
IoT Project 130,Wearable Devices,"LEDs, Arduino, Raspberry Pi",Beginner,4,A project focusing on controlling environment using IoT technologies and various hardware components.,,,,,,,,,
IoT Project 131,Wearable Devices,"Power Supply, Arduino, ESP8266, Capacitors",Beginner,5,A project focusing on automating home using IoT technologies and various hardware components.,,,,,,,,,
IoT Project 132,Wearable Devices,"Motors, Capacitors, Arduino, Power Supply",Intermediate,3,A project focusing on automating home using IoT technologies and various hardware components.,,,,,,,,,
IoT Project 133,Environmental,"Breadboard, Resistors, Motors, Sensors",Intermediate,1,A project focusing on controlling energy using IoT technologies and various hardware components.,,,,,,,,,
IoT Project 134,Wearable Devices,"Resistors, Jumper Wires, Sensors, ESP8266",Intermediate,3,A project focusing on controlling agriculture using IoT technologies and various hardware components.,,,,,,,,,
IoT Project 135,Home Automation,"Power Supply, ESP8266, Sensors",Beginner,2,A project focusing on tracking energy using IoT technologies and various hardware components.,,,,,,,,,
IoT Project 136,Energy Management,"Capacitors, Sensors, LEDs, Jumper Wires, Relays",Beginner,4,A project focusing on automating home using IoT technologies and various hardware components.,,,,,,,,,
IoT Project 137,Home Automation,"Capacitors, Relays, Power Supply, Resistors, Motors",Beginner,3,A project focusing on controlling energy using IoT technologies and various hardware components.,,,,,,,,,
IoT Project 138,Environmental,"Resistors, LEDs, Capacitors",Advanced,1,A project focusing on tracking environment using IoT technologies and various hardware components.,,,,,,,,,
IoT Project 139,Agriculture,"Resistors, Capacitors, Power Supply",Advanced,1,A project focusing on automating energy using IoT technologies and various hardware components.,,,,,,,,,
IoT Project 140,Agriculture,"Relays, Resistors, Power Supply, Motors",Beginner,2,A project focusing on monitoring agriculture using IoT technologies and various hardware components.,,,,,,,,,
IoT Project 141,Environmental,"Arduino, Sensors, Jumper Wires, Raspberry Pi, Relays",Advanced,3,A project focusing on controlling home using IoT technologies and various hardware components.,,,,,,,,,
IoT Project 142,Agriculture,"Resistors, Power Supply, Capacitors, Sensors, ESP8266",Advanced,5,A project focusing on controlling home using IoT technologies and various hardware components.,,,,,,,,,
IoT Project 143,Energy Management,"ESP8266, Motors, Sensors, Jumper Wires, Relays",Advanced,4,A project focusing on tracking environment using IoT technologies and various hardware components.,,,,,,,,,
IoT Project 144,Environmental,"Relays, Arduino, Jumper Wires, Power Supply",Intermediate,4,A project focusing on monitoring environment using IoT technologies and various hardware components.,,,,,,,,,
IoT Project 145,Agriculture,"Resistors, Power Supply, Relays",Beginner,3,A project focusing on monitoring home using IoT technologies and various hardware components.,,,,,,,,,
IoT Project 146,Wearable Devices,"Arduino, Capacitors, LEDs",Advanced,2,A project focusing on controlling agriculture using IoT technologies and various hardware components.,,,,,,,,,
IoT Project 147,Agriculture,"LEDs, Breadboard, Raspberry Pi, Motors",Advanced,4,A project focusing on tracking agriculture using IoT technologies and various hardware components.,,,,,,,,,
IoT Project 148,Home Automation,"Jumper Wires, Motors, Relays, Arduino, Sensors",Beginner,1,A project focusing on monitoring agriculture using IoT technologies and various hardware components.,,,,,,,,,
IoT Project 149,Home Automation,"Breadboard, ESP8266, Resistors, Power Supply, LEDs",Beginner,4,A project focusing on tracking environment using IoT technologies and various hardware components.,,,,,,,,,
IoT Project 150,Environmental,"Breadboard, Resistors, Arduino, Capacitors, Jumper Wires",Beginner,2,A project focusing on monitoring home using IoT technologies and various hardware components.,,,,,,,,,
IoT Project 151,Wearable Devices,"Resistors, Sensors, Power Supply, Jumper Wires",Advanced,3,A project focusing on tracking home using IoT technologies and various hardware components.,,,,,,,,,
IoT Project 152,Wearable Devices,"LEDs, Jumper Wires, Resistors",Beginner,1,A project focusing on tracking environment using IoT technologies and various hardware components.,,,,,,,,,
IoT Project 153,Agriculture,"Capacitors, ESP8266, Resistors, Arduino",Intermediate,4,A project focusing on controlling energy using IoT technologies and various hardware components.,,,,,,,,,
IoT Project 154,Wearable Devices,"Arduino, LEDs, Capacitors, Raspberry Pi",Intermediate,4,A project focusing on tracking energy using IoT technologies and various hardware components.,,,,,,,,,
IoT Project 155,Home Automation,"Raspberry Pi, Relays, ESP8266, Arduino",Intermediate,4,A project focusing on automating agriculture using IoT technologies and various hardware components.,,,,,,,,,
IoT Project 156,Energy Management,"Sensors, Relays, Power Supply, Jumper Wires",Advanced,2,A project focusing on monitoring agriculture using IoT technologies and various hardware components.,,,,,,,,,
IoT Project 157,Environmental,"Motors, Raspberry Pi, Breadboard, ESP8266",Intermediate,5,A project focusing on tracking environment using IoT technologies and various hardware components.,,,,,,,,,
IoT Project 158,Environmental,"Raspberry Pi, Motors, Resistors, LEDs, Power Supply",Beginner,4,A project focusing on tracking agriculture using IoT technologies and various hardware components.,,,,,,,,,
IoT Project 159,Energy Management,"Capacitors, Breadboard, Sensors, Power Supply, Arduino",Advanced,3,A project focusing on monitoring home using IoT technologies and various hardware components.,,,,,,,,,
IoT Project 160,Wearable Devices,"Raspberry Pi, Arduino, Relays, ESP8266, Motors",Intermediate,1,A project focusing on controlling home using IoT technologies and various hardware components.,,,,,,,,,
IoT Project 161,Environmental,"Raspberry Pi, Capacitors, ESP8266",Advanced,5,A project focusing on automating energy using IoT technologies and various hardware components.,,,,,,,,,
IoT Project 162,Agriculture,"Motors, Relays, Raspberry Pi, LEDs",Advanced,3,A project focusing on monitoring environment using IoT technologies and various hardware components.,,,,,,,,,
IoT Project 163,Wearable Devices,"Capacitors, Motors, Jumper Wires, LEDs",Intermediate,1,A project focusing on controlling home using IoT technologies and various hardware components.,,,,,,,,,
IoT Project 164,Energy Management,"Sensors, Breadboard, Jumper Wires",Beginner,1,A project focusing on controlling energy using IoT technologies and various hardware components.,,,,,,,,,
IoT Project 165,Energy Management,"LEDs, Resistors, Motors, Relays",Intermediate,2,A project focusing on controlling energy using IoT technologies and various hardware components.,,,,,,,,,
IoT Project 166,Home Automation,"Capacitors, ESP8266, Sensors",Intermediate,5,A project focusing on automating home using IoT technologies and various hardware components.,,,,,,,,,
IoT Project 167,Energy Management,"Resistors, Breadboard, Power Supply",Beginner,2,A project focusing on monitoring home using IoT technologies and various hardware components.,,,,,,,,,
IoT Project 168,Wearable Devices,"Power Supply, Relays, LEDs, Breadboard, Raspberry Pi",Beginner,1,A project focusing on tracking environment using IoT technologies and various hardware components.,,,,,,,,,
IoT Project 169,Energy Management,"Raspberry Pi, Power Supply, Arduino",Intermediate,1,A project focusing on tracking home using IoT technologies and various hardware components.,,,,,,,,,
IoT Project 170,Home Automation,"Relays, Motors, Raspberry Pi",Intermediate,3,A project focusing on monitoring energy using IoT technologies and various hardware components.,,,,,,,,,
IoT Project 171,Energy Management,"Resistors, LEDs, Motors, Arduino, Sensors",Intermediate,1,A project focusing on tracking agriculture using IoT technologies and various hardware components.,,,,,,,,,
IoT Project 172,Energy Management,"Jumper Wires, Power Supply, Breadboard",Intermediate,5,A project focusing on automating environment using IoT technologies and various hardware components.,,,,,,,,,
IoT Project 173,Environmental,"Breadboard, Relays, Sensors, Raspberry Pi",Beginner,5,A project focusing on tracking agriculture using IoT technologies and various hardware components.,,,,,,,,,
IoT Project 174,Agriculture,"LEDs, Raspberry Pi, Relays, Power Supply",Intermediate,5,A project focusing on tracking energy using IoT technologies and various hardware components.,,,,,,,,,
IoT Project 175,Environmental,"Sensors, Breadboard, Relays",Beginner,5,A project focusing on monitoring energy using IoT technologies and various hardware components.,,,,,,,,,
IoT Project 176,Agriculture,"Arduino, Breadboard, LEDs, Motors, Relays",Intermediate,3,A project focusing on controlling home using IoT technologies and various hardware components.,,,,,,,,,
IoT Project 177,Energy Management,"Jumper Wires, Power Supply, Relays",Beginner,2,A project focusing on controlling home using IoT technologies and various hardware components.,,,,,,,,,
IoT Project 178,Energy Management,"Arduino, Breadboard, Relays, Jumper Wires, ESP8266",Beginner,4,A project focusing on automating home using IoT technologies and various hardware components.,,,,,,,,,
IoT Project 179,Environmental,"Capacitors, Relays, LEDs, Resistors, Sensors",Intermediate,2,A project focusing on automating home using IoT technologies and various hardware components.,,,,,,,,,
IoT Project 180,Home Automation,"ESP8266, Power Supply, Motors, Capacitors",Beginner,4,A project focusing on tracking home using IoT technologies and various hardware components.,,,,,,,,,
IoT Project 181,Energy Management,"Power Supply, Resistors, Jumper Wires, Relays",Beginner,3,A project focusing on controlling energy using IoT technologies and various hardware components.,,,,,,,,,
IoT Project 182,Energy Management,"Motors, Relays, Breadboard, Capacitors",Advanced,1,A project focusing on monitoring environment using IoT technologies and various hardware components.,,,,,,,,,
IoT Project 183,Environmental,"Resistors, Arduino, Raspberry Pi, Capacitors, Jumper Wires",Beginner,2,A project focusing on automating home using IoT technologies and various hardware components.,,,,,,,,,
IoT Project 184,Environmental,"Resistors, Sensors, Jumper Wires",Intermediate,5,A project focusing on controlling agriculture using IoT technologies and various hardware components.,,,,,,,,,
IoT Project 185,Wearable Devices,"LEDs, Capacitors, Jumper Wires, Sensors",Advanced,4,A project focusing on automating energy using IoT technologies and various hardware components.,,,,,,,,,
IoT Project 186,Agriculture,"Motors, Capacitors, Relays, Sensors, Resistors",Beginner,3,A project focusing on tracking agriculture using IoT technologies and various hardware components.,,,,,,,,,
IoT Project 187,Energy Management,"Resistors, Relays, Motors, Capacitors, Power Supply",Advanced,1,A project focusing on automating environment using IoT technologies and various hardware components.,,,,,,,,,
IoT Project 188,Energy Management,"Jumper Wires, Motors, LEDs",Beginner,5,A project focusing on tracking home using IoT technologies and various hardware components.,,,,,,,,,
IoT Project 189,Environmental,"Breadboard, LEDs, Capacitors, Raspberry Pi",Intermediate,1,A project focusing on monitoring environment using IoT technologies and various hardware components.,,,,,,,,,
IoT Project 190,Energy Management,"Jumper Wires, Power Supply, Raspberry Pi",Intermediate,2,A project focusing on monitoring energy using IoT technologies and various hardware components.,,,,,,,,,
IoT Project 191,Home Automation,"LEDs, Relays, Jumper Wires, Raspberry Pi",Advanced,1,A project focusing on automating energy using IoT technologies and various hardware components.,,,,,,,,,
IoT Project 192,Energy Management,"Motors, ESP8266, Breadboard",Beginner,5,A project focusing on automating environment using IoT technologies and various hardware components.,,,,,,,,,
IoT Project 193,Agriculture,"Power Supply, Resistors, Relays, Motors, Raspberry Pi",Intermediate,5,A project focusing on tracking energy using IoT technologies and various hardware components.,,,,,,,,,
IoT Project 194,Environmental,"Motors, Capacitors, Relays, Resistors",Advanced,5,A project focusing on tracking agriculture using IoT technologies and various hardware components.,,,,,,,,,
IoT Project 195,Agriculture,"Breadboard, Resistors, Motors",Intermediate,4,A project focusing on controlling agriculture using IoT technologies and various hardware components.,,,,,,,,,
IoT Project 196,Agriculture,"Raspberry Pi, ESP8266, Motors, LEDs",Advanced,2,A project focusing on controlling home using IoT technologies and various hardware components.,,,,,,,,,
IoT Project 197,Environmental,"Raspberry Pi, Sensors, Relays",Intermediate,3,A project focusing on automating environment using IoT technologies and various hardware components.,,,,,,,,,
IoT Project 198,Environmental,"Capacitors, Breadboard, Power Supply",Advanced,2,A project focusing on automating environment using IoT technologies and various hardware components.,,,,,,,,,
IoT Project 199,Energy Management,"Sensors, Relays, Raspberry Pi, Capacitors, Power Supply",Advanced,5,A project focusing on automating environment using IoT technologies and various hardware components.,,,,,,,,,
IoT Project 200,Energy Management,"Resistors, ESP8266, Motors, LEDs, Sensors",Beginner,1,A project focusing on automating energy using IoT technologies and various hardware components.,,,,,,,,,
